ID,TypeQuestion,Titre,Options,Logique,Description,Paramètres (JSON),Axe
CD01-Q01,QCU_CAT,"Face à un problème complexe, vous :",Générez de nombreuses idées variées; Cherchez immédiatement la meilleure solution applicable,r;K,,"{""mode"":""QCU_CAT"",""options"":[{""libelle"": ""Générez de nombreuses idées variées"", ""profil"": ""r"", ""valeur"": 1}, {""libelle"": "" Cherchez immédiatement la meilleure solution applicable"", ""profil"": ""K"", ""valeur"": 1}]}",Idéation
CD01-Q02,QCU_CAT,Votre priorité dans un brainstorming :,Explorer toutes les pistes; Identifier rapidement la plus réaliste,r;K,,"{""mode"":""QCU_CAT"",""options"":[{""libelle"": ""Explorer toutes les pistes"", ""profil"": ""r"", ""valeur"": 1}, {""libelle"": "" Identifier rapidement la plus réaliste"", ""profil"": ""K"", ""valeur"": 1}]}",Idéation
CD01-Q03,QCU_CAT,"Pour innover, vous :",Combinez des idées issues de domaines différents; Améliorez un concept existant,r;K,,"{""mode"":""QCU_CAT"",""options"":[{""libelle"": ""Combinez des idées issues de domaines différents"", ""profil"": ""r"", ""valeur"": 1}, {""libelle"": "" Améliorez un concept existant"", ""profil"": ""K"", ""valeur"": 1}]}",Innovation
CD01-Q04,QCU_CAT,"Devant une contrainte forte, vous :",Cherchez à contourner la règle; Trouvez la meilleure solution dans le cadre imposé,r;K,,"{""mode"":""QCU_CAT"",""options"":[{""libelle"": ""Cherchez à contourner la règle"", ""profil"": ""r"", ""valeur"": 1}, {""libelle"": "" Trouvez la meilleure solution dans le cadre imposé"", ""profil"": ""K"", ""valeur"": 1}]}",Gestion des contraintes
CD01-Q05,QCU_CAT,"Lorsque vous planifiez un projet créatif, vous :",Expérimentez plusieurs approches; Suivez un plan établi,r;K,,"{""mode"":""QCU_CAT"",""options"":[{""libelle"": ""Expérimentez plusieurs approches"", ""profil"": ""r"", ""valeur"": 1}, {""libelle"": "" Suivez un plan établi"", ""profil"": ""K"", ""valeur"": 1}]}",Mise en œuvre
CD01-Q06,QCU_CAT,Votre manière de résoudre un problème :,Explorer sans filtre au départ; Filtrer dès le début pour rester ciblé,r;K,,"{""mode"":""QCU_CAT"",""options"":[{""libelle"": ""Explorer sans filtre au départ"", ""profil"": ""r"", ""valeur"": 1}, {""libelle"": "" Filtrer dès le début pour rester ciblé"", ""profil"": ""K"", ""valeur"": 1}]}",Sélection
CD01-Q07,QCU_CAT,"Pour développer un produit, vous :",Imaginez un maximum de versions possibles; Sélectionnez immédiatement une direction précise,r;K,,"{""mode"":""QCU_CAT"",""options"":[{""libelle"": ""Imaginez un maximum de versions possibles"", ""profil"": ""r"", ""valeur"": 1}, {""libelle"": "" Sélectionnez immédiatement une direction précise"", ""profil"": ""K"", ""valeur"": 1}]}",Idéation
CD01-Q08,QCU_CAT,Votre inspiration vient plutôt :,De connexions inattendues; D'une analyse approfondie de la situation,r;K,,"{""mode"":""QCU_CAT"",""options"":[{""libelle"": ""De connexions inattendues"", ""profil"": ""r"", ""valeur"": 1}, {""libelle"": "" D'une analyse approfondie de la situation"", ""profil"": ""K"", ""valeur"": 1}]}",Innovation
CD01-Q09,QCU_CAT,"Quand une idée originale émerge, vous :",L'explorez même si elle semble irréaliste; Évaluez sa faisabilité avant d'aller plus loin,r;K,,"{""mode"":""QCU_CAT"",""options"":[{""libelle"": ""L'explorez même si elle semble irréaliste"", ""profil"": ""r"", ""valeur"": 1}, {""libelle"": "" Évaluez sa faisabilité avant d'aller plus loin"", ""profil"": ""K"", ""valeur"": 1}]}",Sélection
CD01-Q10,QCU_CAT,Votre énergie créative est stimulée par :,La diversité et la nouveauté; La clarté et les contraintes,r;K,,"{""mode"":""QCU_CAT"",""options"":[{""libelle"": ""La diversité et la nouveauté"", ""profil"": ""r"", ""valeur"": 1}, {""libelle"": "" La clarté et les contraintes"", ""profil"": ""K"", ""valeur"": 1}]}",Idéation
CD01-Q11,QCU_CAT,"Face à des avis divergents, vous :",Cherchez à intégrer toutes les perspectives; Choisissez rapidement une voie,r;K,,"{""mode"":""QCU_CAT"",""options"":[{""libelle"": ""Cherchez à intégrer toutes les perspectives"", ""profil"": ""r"", ""valeur"": 1}, {""libelle"": "" Choisissez rapidement une voie"", ""profil"": ""K"", ""valeur"": 1}]}",Sélection
CD01-Q12,QCU_CAT,Votre processus créatif idéal :,Ouvert et sans limites initiales; Structuré et orienté résultat,r;K,,"{""mode"":""QCU_CAT"",""options"":[{""libelle"": ""Ouvert et sans limites initiales"", ""profil"": ""r"", ""valeur"": 1}, {""libelle"": "" Structuré et orienté résultat"", ""profil"": ""K"", ""valeur"": 1}]}",Sélection
CD01-Q13,LIKERT_5,J'aime explorer un grand nombre de possibilités avant de choisir.,1;2;3;4;5,r,,"{""mode"": ""LIKERT_5"", ""echelle_min"": 1, ""echelle_max"": 5, ""options"": [{""libelle"": ""1"", ""profil"": ""r"", ""valeur"": 1}, {""libelle"": ""2"", ""profil"": ""r"", ""valeur"": 2}, {""libelle"": ""3"", ""profil"": ""r"", ""valeur"": 3}, {""libelle"": ""4"", ""profil"": ""r"", ""valeur"": 4}, {""libelle"": ""5"", ""profil"": ""r"", ""valeur"": 5}]}",Idéation
CD01-Q14,LIKERT_5,Je préfère trouver rapidement une solution unique et efficace.,1;2;3;4;5,K,,"{""mode"": ""LIKERT_5"", ""echelle_min"": 1, ""echelle_max"": 5, ""options"": [{""libelle"": ""1"", ""profil"": ""K"", ""valeur"": 1}, {""libelle"": ""2"", ""profil"": ""K"", ""valeur"": 2}, {""libelle"": ""3"", ""profil"": ""K"", ""valeur"": 3}, {""libelle"": ""4"", ""profil"": ""K"", ""valeur"": 4}, {""libelle"": ""5"", ""profil"": ""K"", ""valeur"": 5}]}",Sélection
CD01-Q15,LIKERT_5,Je suis stimulé par la nouveauté et la diversité des idées.,1;2;3;4;5,r,,"{""mode"": ""LIKERT_5"", ""echelle_min"": 1, ""echelle_max"": 5, ""options"": [{""libelle"": ""1"", ""profil"": ""r"", ""valeur"": 1}, {""libelle"": ""2"", ""profil"": ""r"", ""valeur"": 2}, {""libelle"": ""3"", ""profil"": ""r"", ""valeur"": 3}, {""libelle"": ""4"", ""profil"": ""r"", ""valeur"": 4}, {""libelle"": ""5"", ""profil"": ""r"", ""valeur"": 5}]}",Idéation
CD01-Q16,LIKERT_5,Je suis plus productif lorsque le cadre est clairement défini.,1;2;3;4;5,K,,"{""mode"": ""LIKERT_5"", ""echelle_min"": 1, ""echelle_max"": 5, ""options"": [{""libelle"": ""1"", ""profil"": ""K"", ""valeur"": 1}, {""libelle"": ""2"", ""profil"": ""K"", ""valeur"": 2}, {""libelle"": ""3"", ""profil"": ""K"", ""valeur"": 3}, {""libelle"": ""4"", ""profil"": ""K"", ""valeur"": 4}, {""libelle"": ""5"", ""profil"": ""K"", ""valeur"": 5}]}",Sélection
CD01-Q17,LIKERT_5,Je laisse libre cours à mon imagination avant d'évaluer la faisabilité.,1;2;3;4;5,r,,"{""mode"": ""LIKERT_5"", ""echelle_min"": 1, ""echelle_max"": 5, ""options"": [{""libelle"": ""1"", ""profil"": ""r"", ""valeur"": 1}, {""libelle"": ""2"", ""profil"": ""r"", ""valeur"": 2}, {""libelle"": ""3"", ""profil"": ""r"", ""valeur"": 3}, {""libelle"": ""4"", ""profil"": ""r"", ""valeur"": 4}, {""libelle"": ""5"", ""profil"": ""r"", ""valeur"": 5}]}",Idéation
CD01-Q18,LIKERT_5,Je préfère m'en tenir à une méthode éprouvée pour résoudre un problème.,1;2;3;4;5,K,,"{""mode"": ""LIKERT_5"", ""echelle_min"": 1, ""echelle_max"": 5, ""options"": [{""libelle"": ""1"", ""profil"": ""K"", ""valeur"": 1}, {""libelle"": ""2"", ""profil"": ""K"", ""valeur"": 2}, {""libelle"": ""3"", ""profil"": ""K"", ""valeur"": 3}, {""libelle"": ""4"", ""profil"": ""K"", ""valeur"": 4}, {""libelle"": ""5"", ""profil"": ""K"", ""valeur"": 5}]}",Sélection
CD01-Q19,LIKERT_5,Je suis à l'aise pour combiner des idées issues de domaines différents.,1;2;3;4;5,r,,"{""mode"": ""LIKERT_5"", ""echelle_min"": 1, ""echelle_max"": 5, ""options"": [{""libelle"": ""1"", ""profil"": ""r"", ""valeur"": 1}, {""libelle"": ""2"", ""profil"": ""r"", ""valeur"": 2}, {""libelle"": ""3"", ""profil"": ""r"", ""valeur"": 3}, {""libelle"": ""4"", ""profil"": ""r"", ""valeur"": 4}, {""libelle"": ""5"", ""profil"": ""r"", ""valeur"": 5}]}",Idéation
CD01-Q20,LIKERT_5,Je préfère suivre un chemin clair dès le début d'un projet.,1;2;3;4;5,K,,"{""mode"": ""LIKERT_5"", ""echelle_min"": 1, ""echelle_max"": 5, ""options"": [{""libelle"": ""1"", ""profil"": ""K"", ""valeur"": 1}, {""libelle"": ""2"", ""profil"": ""K"", ""valeur"": 2}, {""libelle"": ""3"", ""profil"": ""K"", ""valeur"": 3}, {""libelle"": ""4"", ""profil"": ""K"", ""valeur"": 4}, {""libelle"": ""5"", ""profil"": ""K"", ""valeur"": 5}]}",Sélection
CD01-Q21,LIKERT_5,Je produis plus d'idées que nécessaire pour augmenter les chances de succès.,1;2;3;4;5,r,,"{""mode"": ""LIKERT_5"", ""echelle_min"": 1, ""echelle_max"": 5, ""options"": [{""libelle"": ""1"", ""profil"": ""r"", ""valeur"": 1}, {""libelle"": ""2"", ""profil"": ""r"", ""valeur"": 2}, {""libelle"": ""3"", ""profil"": ""r"", ""valeur"": 3}, {""libelle"": ""4"", ""profil"": ""r"", ""valeur"": 4}, {""libelle"": ""5"", ""profil"": ""r"", ""valeur"": 5}]}",Idéation
CD01-Q22,LIKERT_5,Je suis plus efficace en réduisant le nombre d'options dès le départ.,1;2;3;4;5,K,,"{""mode"": ""LIKERT_5"", ""echelle_min"": 1, ""echelle_max"": 5, ""options"": [{""libelle"": ""1"", ""profil"": ""K"", ""valeur"": 1}, {""libelle"": ""2"", ""profil"": ""K"", ""valeur"": 2}, {""libelle"": ""3"", ""profil"": ""K"", ""valeur"": 3}, {""libelle"": ""4"", ""profil"": ""K"", ""valeur"": 4}, {""libelle"": ""5"", ""profil"": ""K"", ""valeur"": 5}]}",Sélection