ID,TypeQuestion,Titre,Options,Logique,Description,Paramètres (JSON)
Q01,QCU_CAT,"To make an important decision, I mainly rely on...",My factual and logical analysis;My intuition and future opportunities,B;J,,"{""mode"":""QCU_CAT"",""options"":[{""libelle"":""My factual and logical analysis"",""profil"":""B"",""valeur"":1},{""libelle"":""My intuition and future opportunities"",""profil"":""J"",""valeur"":1}]}"
Q02,QCU_CAT,"When facing an obstacle, my first reaction is to...",Find a quick and direct solution to overcome it;Step back to preserve the group's harmony,R;V,,"{""mode"":""QCU_CAT"",""options"":[{""libelle"":""Find a quick and direct solution to overcome it"",""profil"":""R"",""valeur"":1},{""libelle"":""Step back to preserve the group's harmony"",""profil"":""V"",""valeur"":1}]}"
Q03,QCU_CAT,I am most proud of my achievements when...,I have exceeded an ambitious goal;I have inspired others with a new vision,R;J,,"{""mode"":""QCU_CAT"",""options"":[{""libelle"":""I have exceeded an ambitious goal"",""profil"":""R"",""valeur"":1},{""libelle"":""I have inspired others with a new vision"",""profil"":""J"",""valeur"":1}]}"
Q04,QCU_CAT,A good work environment is above all...,"Structured, with clear processes;Cooperative, with a strong team spirit",B;V,,"{""mode"":""QCU_CAT"",""options"":[{""libelle"":""Structured, with clear processes"",""profil"":""B"",""valeur"":1},{""libelle"":""Cooperative, with a strong team spirit"",""profil"":""V"",""valeur"":1}]}"
Q05,QCU_CAT,"In a negotiation, my objective is to...",Win by getting the best possible result;Ensure that the plan is respected,R;B,,"{""mode"":""QCU_CAT"",""options"":[{""libelle"":""Win by getting the best possible result"",""profil"":""R"",""valeur"":1},{""libelle"":""Ensure that the plan is respected"",""profil"":""B"",""valeur"":1}]}"
Q06,QCU_CAT,I prefer a project that allows me to...,Build strong bonds with my colleagues;Explore original and unconventional ideas,V;J,,"{""mode"":""QCU_CAT"",""options"":[{""libelle"":""Build strong bonds with my colleagues"",""profil"":""V"",""valeur"":1},{""libelle"":""Explore original and unconventional ideas"",""profil"":""J"",""valeur"":1}]}"
Q07,QCU_CAT,A team's performance mainly depends on...,Quickly achieving set goals;The quality of relationships among its members,R;V,,"{""mode"":""QCU_CAT"",""options"":[{""libelle"":""Quickly achieving set goals"",""profil"":""R"",""valeur"":1},{""libelle"":""The quality of relationships among its members"",""profil"":""V"",""valeur"":1}]}"
Q08,QCU_CAT,"To learn, I need to...","Follow a structured, step-by-step training;Experiment freely and interact with others",B;J,,"{""mode"":""QCU_CAT"",""options"":[{""libelle"":""Follow a structured, step-by-step training"",""profil"":""B"",""valeur"":1},{""libelle"":""Experiment freely and interact with others"",""profil"":""J"",""valeur"":1}]}"
Q09,QCU_CAT,"Leadership, above all, is about...",Guiding the team towards measurable results;Ensuring everyone feels included and valued,R;V,,"{""mode"":""QCU_CAT"",""options"":[{""libelle"":""Guiding the team towards measurable results"",""profil"":""R"",""valeur"":1},{""libelle"":""Ensuring everyone feels included and valued"",""profil"":""V"",""valeur"":1}]}"
Q10,QCU_CAT,What stresses me out the most is...,The lack of clarity in objectives;The lack of flexibility and spontaneity,B;J,,"{""mode"":""QCU_CAT"",""options"":[{""libelle"":""The lack of clarity in objectives"",""profil"":""B"",""valeur"":1},{""libelle"":""The lack of flexibility and spontaneity"",""profil"":""J"",""valeur"":1}]}"
Q11,QCU_CAT,I take a risk if...,The potential gain is high and quick;It allows exploring a new and stimulating path,R;J,,"{""mode"":""QCU_CAT"",""options"":[{""libelle"":""The potential gain is high and quick"",""profil"":""R"",""valeur"":1},{""libelle"":""It allows exploring a new and stimulating path"",""profil"":""J"",""valeur"":1}]}"
Q12,QCU_CAT,"During a conflict, I tend to...",Rely on facts to find an objective solution;Listen to everyone's emotions to ease tensions,B;V,,"{""mode"":""QCU_CAT"",""options"":[{""libelle"":""Rely on facts to find an objective solution"",""profil"":""B"",""valeur"":1},{""libelle"":""Listen to everyone's emotions to ease tensions"",""profil"":""V"",""valeur"":1}]}"
Q13,QCU_CAT,A project is successful if...,The deadlines and budget were perfectly met;It was carried out in a direct and efficient manner,B;R,,"{""mode"":""QCU_CAT"",""options"":[{""libelle"":""The deadlines and budget were perfectly met"",""profil"":""B"",""valeur"":1},{""libelle"":""It was carried out in a direct and efficient manner"",""profil"":""R"",""valeur"":1}]}"
Q14,QCU_CAT,I feel most comfortable in the role of...,"A mediator, who facilitates communication;An innovator, who brings a breath of fresh air",V;J,,"{""mode"":""QCU_CAT"",""options"":[{""libelle"":""A mediator, who facilitates communication"",""profil"":""V"",""valeur"":1},{""libelle"":""An innovator, who brings a breath of fresh air"",""profil"":""J"",""valeur"":1}]}"
Q15,QCU_CAT,"For me, competition is...",An essential driver to surpass myself;A source of tension that can harm the team,R;V,,"{""mode"":""QCU_CAT"",""options"":[{""libelle"":""An essential driver to surpass myself"",""profil"":""R"",""valeur"":1},{""libelle"":""A source of tension that can harm the team"",""profil"":""V"",""valeur"":1}]}"
Q16,QCU_CAT,I prefer my work to be evaluated on...,The quality and precision of my analyses;My positive impact and influence on others,B;J,,"{""mode"":""QCU_CAT"",""options"":[{""libelle"":""The quality and precision of my analyses"",""profil"":""B"",""valeur"":1},{""libelle"":""My positive impact and influence on others"",""profil"":""J"",""valeur"":1}]}"
Q17,QCU_CAT,The best way to manage a team is to...,Define clear rules and ensure they are followed;Give autonomy and encourage initiatives,B;J,,"{""mode"":""QCU_CAT"",""options"":[{""libelle"":""Define clear rules and ensure they are followed"",""profil"":""B"",""valeur"":1},{""libelle"":""Give autonomy and encourage initiatives"",""profil"":""J"",""valeur"":1}]}"
Q18,QCU_CAT,My main contribution to a group is...,My ability to get straight to the point;My ability to maintain a good atmosphere,R;V,,"{""mode"":""QCU_CAT"",""options"":[{""libelle"":""My ability to get straight to the point"",""profil"":""R"",""valeur"":1},{""libelle"":""My ability to maintain a good atmosphere"",""profil"":""V"",""valeur"":1}]}"
Q19,QCU_CAT,A good leader must be...,Visionary and charismatic;Decisive and action-oriented,J;R,,"{""mode"":""QCU_CAT"",""options"":[{""libelle"":""Visionary and charismatic"",""profil"":""J"",""valeur"":1},{""libelle"":""Decisive and action-oriented"",""profil"":""R"",""valeur"":1}]}"
Q20,QCU_CAT,"In my interactions, I am rather...",Diplomatic and a good listener;Logical and factual,V;B,,"{""mode"":""QCU_CAT"",""options"":[{""libelle"":""Diplomatic and a good listener"",""profil"":""V"",""valeur"":1},{""libelle"":""Logical and factual"",""profil"":""B"",""valeur"":1}]}"
Q21,QCU_CAT,I am more motivated by...,The rigor of a well-defined plan;Achieving an ambitious result,B;R,,"{""mode"":""QCU_CAT"",""options"":[{""libelle"":""The rigor of a well-defined plan"",""profil"":""B"",""valeur"":1},{""libelle"":""Achieving an ambitious result"",""profil"":""R"",""valeur"":1}]}"
Q22,QCU_CAT,"When I communicate, I try to...",Create enthusiasm;Ensure mutual understanding,J;V,,"{""mode"":""QCU_CAT"",""options"":[{""libelle"":""Create enthusiasm"",""profil"":""J"",""valeur"":1},{""libelle"":""Ensure mutual understanding"",""profil"":""V"",""valeur"":1}]}"
Q23,QCU_CAT,"When faced with routine, I am...",Reassured because it is predictable;Bored because I need novelty,V;J,,"{""mode"":""QCU_CAT"",""options"":[{""libelle"":""Reassured because it is predictable"",""profil"":""V"",""valeur"":1},{""libelle"":""Bored because I need novelty"",""profil"":""J"",""valeur"":1}]}"
Q24,QCU_CAT,Failure is...,An opportunity to analyze and correct the process;A driver to redouble efforts and win next time,B;R,,"{""mode"":""QCU_CAT"",""options"":[{""libelle"":""An opportunity to analyze and correct the process"",""profil"":""B"",""valeur"":1},{""libelle"":""A driver to redouble efforts and win next time"",""profil"":""R"",""valeur"":1}]}"
Q25,QCU_CAT,I am known for...,My organization and my method;My ability to interact and build connections,B;J,,"{""mode"":""QCU_CAT"",""options"":[{""libelle"":""My organization and my method"",""profil"":""B"",""valeur"":1},{""libelle"":""My ability to interact and build connections"",""profil"":""J"",""valeur"":1}]}"
Q26,QCU_CAT,I prefer tasks that require...,Speed of execution;Patience and cooperation,R;V,,"{""mode"":""QCU_CAT"",""options"":[{""libelle"":""Speed of execution"",""profil"":""R"",""valeur"":1},{""libelle"":""Patience and cooperation"",""profil"":""V"",""valeur"":1}]}"
Q27,QCU_CAT,"To feel engaged, I need to...",Participate in an inspiring global vision;Obtain concrete and rapid results,J;R,,"{""mode"":""QCU_CAT"",""options"":[{""libelle"":""Participate in an inspiring global vision"",""profil"":""J"",""valeur"":1},{""libelle"":""Obtain concrete and rapid results"",""profil"":""R"",""valeur"":1}]}"
Q28,QCU_CAT,My approach to teamwork is to...,Clarify roles and procedures;Facilitate exchanges and support my colleagues,B;V,,"{""mode"":""QCU_CAT"",""options"":[{""libelle"":""Clarify roles and procedures"",""profil"":""B"",""valeur"":1},{""libelle"":""Facilitate exchanges and support my colleagues"",""profil"":""V"",""valeur"":1}]}"
Q29,QCU_CAT,I am most effective when I can...,Control the situation and take the lead;Analyze data to ensure quality,R;B,,"{""mode"":""QCU_CAT"",""options"":[{""libelle"":""Control the situation and take the lead"",""profil"":""R"",""valeur"":1},{""libelle"":""Analyze data to ensure quality"",""profil"":""B"",""valeur"":1}]}"
Q30,QCU_CAT,"In meetings, I appreciate...",Listening and respecting everyone's speaking time;Creativity and limitless brainstorming,V;J,,"{""mode"":""QCU_CAT"",""options"":[{""libelle"":""Listening and respecting everyone's speaking time"",""profil"":""V"",""valeur"":1},{""libelle"":""Creativity and limitless brainstorming"",""profil"":""J"",""valeur"":1}]}"
Q31,QCU_CAT,Feedback is useful if it is...,Focused on the actions needed to win;Based on specific and documented facts,R;B,,"{""mode"":""QCU_CAT"",""options"":[{""libelle"":""Focused on the actions needed to win"",""profil"":""R"",""valeur"":1},{""libelle"":""Based on specific and documented facts"",""profil"":""B"",""valeur"":1}]}"
Q32,QCU_CAT,I am more comfortable with...,A detailed action plan;A general direction and the freedom to experiment,V;J,,"{""mode"":""QCU_CAT"",""options"":[{""libelle"":""A detailed action plan"",""profil"":""V"",""valeur"":1},{""libelle"":""A general direction and the freedom to experiment"",""profil"":""J"",""valeur"":1}]}"
Q33,QCU_CAT,I prefer a manager who...,Is directive and sets clear goals;Is a mentor who supports the team's development,R;V,,"{""mode"":""QCU_CAT"",""options"":[{""libelle"":""Is directive and sets clear goals"",""profil"":""R"",""valeur"":1},{""libelle"":""Is a mentor who supports the team's development"",""profil"":""V"",""valeur"":1}]}"
Q34,QCU_CAT,The main quality of an argument is...,Its impeccable logic;Its potential to inspire and mobilize,B;J,,"{""mode"":""QCU_CAT"",""options"":[{""libelle"":""Its impeccable logic"",""profil"":""B"",""valeur"":1},{""libelle"":""Its potential to inspire and mobilize"",""profil"":""J"",""valeur"":1}]}"
Q35,QCU_CAT,What annoys me the most is...,Indecision and lack of action;Interpersonal conflicts,R;V,,"{""mode"":""QCU_CAT"",""options"":[{""libelle"":""Indecision and lack of action"",""profil"":""R"",""valeur"":1},{""libelle"":""Interpersonal conflicts"",""profil"":""V"",""valeur"":1}]}"
Q36,QCU_CAT,My motto would be...,"""Act first, perfect later"";""Think first, act later""",J;B,,"{""mode"":""QCU_CAT"",""options"":[{""libelle"":""\""Act first, perfect later\"""",""profil"":""J"",""valeur"":1},{""libelle"":""\""Think first, act later\"""",""profil"":""B"",""valeur"":1}]}"
Q37,QCU_CAT,I feel valued when...,My results are publicly recognized;My new ideas are adopted,R;J,,"{""mode"":""QCU_CAT"",""options"":[{""libelle"":""My results are publicly recognized"",""profil"":""R"",""valeur"":1},{""libelle"":""My new ideas are adopted"",""profil"":""J"",""valeur"":1}]}"
Q38,QCU_CAT,"To manage a project, I start by...",Establishing a detailed plan and milestones;Gathering the team to ensure everyone is aligned,B;V,,"{""mode"":""QCU_CAT"",""options"":[{""libelle"":""Establishing a detailed plan and milestones"",""profil"":""B"",""valeur"":1},{""libelle"":""Gathering the team to ensure everyone is aligned"",""profil"":""V"",""valeur"":1}]}"
Q39,QCU_CAT,I am perceived as someone who is...,Competitive and direct;Patient and cooperative,R;V,,"{""mode"":""QCU_CAT"",""options"":[{""libelle"":""Competitive and direct"",""profil"":""R"",""valeur"":1},{""libelle"":""Patient and cooperative"",""profil"":""V"",""valeur"":1}]}"
Q40,QCU_CAT,A good process should be...,Flexible to adapt to new ideas;Stable to ensure quality,J;B,,"{""mode"":""QCU_CAT"",""options"":[{""libelle"":""Flexible to adapt to new ideas"",""profil"":""J"",""valeur"":1},{""libelle"":""Stable to ensure quality"",""profil"":""B"",""valeur"":1}]}"
Q41
Q42
Q43
Q44
Q45
Q46
Q47
Q48
Q49
Q50