Clé,ID,ID Script,nom_fich_google_Sheet,ID google Sheet
ID_BDD,1m2MGBd0nyiAl3qw032B6Nfj7zQL27bRSBexiOPaRZd8,1hstFyz0k0yf4o2jI9ZEiHT-mhY1M1-_gog_RDVz_VFQT0PqJDFgoIGD6,[BDD]V2 Tests & Profils,1m2MGBd0nyiAl3qw032B6Nfj7zQL27bRSBexiOPaRZd8
ID_CONFIG,1kLBqIHZWbHrb4SsoSQcyVsLOmqKHkhSA4FttM5hZtDQ,14jdOLhU0GVF3RLINBgZPLikLPSQBQv7w6aJYMmeoAG0w0UUL_Bm6bIjx,[CONFIG] Usine à Tests,1kLBqIHZWbHrb4SsoSQcyVsLOmqKHkhSA4FttM5hZtDQ
ID_TEMPLATE_TRAITEMENT,1TbzbiXa8Ru-fVVc4DTj9_HyMST787f2tZId0XJrGu-f-jUyfAgz4KW0w,1TbzbiXa8Ru-fVVc4DTj9_HyMST787f2tZId0XJrGu-f-jUyfAgz4KW0w,[TEMPLATE]V3 Kit de Traitement,1wnabzZd0DTOA_MEFU61edzJFSsJpzGtMLK5l-dOEy4A
ID_DOSSIER_CIBLE_GEN,1CwXZvcddno3culToi8V-etxsgUY2cVpR,,5_[OUTPUT] Tests Générés
ID_SCRIPT_MOTEUR,1kCAotNmrTPBDprMxdYOMjHvcy33r6qloKqS6_BYjDAY,1F2u4Gfy_fonu0AG_5tVbwF7amxmFG9ACHAAz53ZoMQkUwC_trzysv8ch,[MOTEUR] Usine à Tests,1hrcdsMRwx4FuHTvvtJoq2AVh8XTzwp5MErJ3UQ0OA5E
ID_FORM_CONFIG,1I7JOIyB-nlTPWcoLqAf6rriDR-QKdHWPdZ4fSnlyEuc
ID_TEMPLATE_TRAITEMENT_V2,1XwyTt9hcFLd-_IrCYuKY4_E6Dw9aUrls-AGQp65dzDU,1nuA0-i84Wko2ktmLDEaQMJTS_krZzy3qMO9IGdvD_o0fBBobkq9pcMUm,[TEMPLATE] Kit de Traitement V2

ID_GABARIT_CONFIRMATION_FR,1LNVEp74OMbJ8kBCCLdT9A1n0xIYlHL5XLWO-4w1S98o
ID_GABARIT_CONFIRMATION_EN,1dalK42jmUHSzX9qjhCjxoVjMxYIkDky8KfTSXXdHmXk
ID_GABARIT_CONFIRMATION_ES,1PqfWiUS6PDAOT-lh6B9zHR8UV5tetHF26fC2M4U_ZXM
ID_Document_Rapport_Expert,1F-vPh9xhtWlF2eAHEfzwgwo3cmGbIyJXrMgmCePaDKQ
ID_TEMPLATE_FORMULAIRE,12NL0C7jWIs_2H9STeOodiG2-lf46FilrOre9YKR3sC0
ID_WEBAPP_HANDLER,https://script.google.com/macros/s/AKfycbzmVHDZLQNLWDt52UdT9DfDt8YvrFcT8ah2uB1QkDOke7pNuy54tQbYf6_vyVropjxIIA/exec,1ymLxRDlyevgYFV334Zozz__84yP_By_mwgnTdzeRiCD5216l9_mPesBj
Application web ID deploiement,AKfycbwwUjkMVS2VEUn43ClztrT37EtBkJY89J67jJ1J0GEQ9LwM8vPt7X6_V00KQ7MxY2ITNg
Application WEB URL,https://script.google.com/macros/s/AKfycbxVt5hK7k34MT8dkSJeJbJXI4230jUAPDKnIqRlVxge95I8e2QoTXlrjcQAEbDkl286iA/exec,https://script.google.com/macros/s/AKfycbwwUjkMVS2VEUn43ClztrT37EtBkJY89J67jJ1J0GEQ9LwM8vPt7X6_V00KQ7MxY2ITNg/exec
Bibliotèque URL,https://script.google.com/macros/library/d/1WFbXkWcMlniG_XJrsD-yE04gcbQ5XdSoOdHr10lYg7QCDXKTu3G4UCCc/3